Epoch,Iter,FP32_Time,FP16_Time,FA2_Time,FP16_Speedup_vs_FP32,FA2_Speedup_vs_FP32,FA2_Speedup_vs_FP16,FP32_Loss,FP16_Loss,FA2_Loss,FP32_Grad,FP16_Grad,FA2_Grad
1,20,4.0540,3.2320,3.1500,1.2543,1.2870,1.0260,190.5401,174.5119,145.7848,122.6251,173.3303,154.3447
1,30,4.0810,3.2420,3.1590,1.2588,1.2919,1.0263,181.5931,150.8363,135.8908,116.2406,149.3243,136.2294
1,40,4.1120,3.3060,3.1670,1.2438,1.2984,1.0439,170.5465,135.5987,129.5643,107.8331,146.2145,157.4763
1,50,4.1630,3.2540,3.2230,1.2793,1.2917,1.0096,167.2526,136.2219,130.8452,102.8330,141.5253,132.6715
1,60,4.1090,3.2530,3.1660,1.2631,1.2979,1.0275,169.4075,136.6433,131.7763,99.5605,143.8967,140.0851
1,70,4.0850,3.2420,3.1550,1.2600,1.2948,1.0276,156.6869,127.8386,126.9635,97.9088,143.9184,145.0748
1,80,4.1190,3.2550,3.1690,1.2654,1.2998,1.0271,158.8911,131.0344,129.1058,94.4953,157.1107,152.5225
1,90,4.0990,3.2500,3.1640,1.2612,1.2955,1.0272,159.9879,136.6159,136.5391,90.1841,204.0708,222.1129
1,100,4.0990,3.2470,3.1640,1.2624,1.2955,1.0262,151.3782,125.6503,121.9295,88.2758,167.9061,165.5547
1,120,4.1120,3.2560,3.1670,1.2629,1.2984,1.0281,145.6863,124.0471,120.2449,83.0564,199.2169,192.1983
1,130,4.1030,3.2620,3.1720,1.2578,1.2935,1.0284,144.7807,123.1638,120.6459,83.2952,197.4530,195.0856
1,140,4.0980,3.2540,3.1660,1.2594,1.2944,1.0278,139.2068,122.0235,119.3938,83.1368,215.3952,217.1383
1,150,4.1090,3.2600,3.1730,1.2604,1.2950,1.0274,142.8502,123.6938,120.4725,82.3920,173.3305,190.9209
1,160,4.1080,3.2440,3.1620,1.2663,1.2992,1.0259,143.8343,128.7427,124.4843,82.7820,219.2608,244.7124
1,170,4.0940,3.2490,3.1650,1.2601,1.2935,1.0265,132.2523,118.0282,116.5373,81.2043,203.0049,232.8294
1,180,4.0910,3.2450,3.1640,1.2607,1.2930,1.0256,138.8923,120.6804,118.5902,79.0219,205.9468,216.4642
1,190,4.0880,3.2820,3.1630,1.2456,1.2924,1.0376,135.2150,118.4636,118.6374,77.9655,238.0934,225.3795
1,200,4.0980,3.2430,3.2050,1.2636,1.2786,1.0119,143.4571,123.0125,120.9086,81.4508,267.7571,264.9347
1,210,4.1090,3.2670,3.1860,1.2577,1.2897,1.0254,139.6176,118.0388,115.7081,82.6259,241.4540,253.6321
1,220,4.1080,3.2540,3.1720,1.2624,1.2951,1.0259,139.4009,114.3812,113.2948,83.7923,217.8420,248.6472
1,230,4.0820,3.2390,3.1520,1.2603,1.2951,1.0276,141.0956,118.8539,116.8696,87.6805,280.8782,259.5696
1,240,4.0930,3.2430,3.1580,1.2621,1.2961,1.0269,132.2878,113.8023,113.0079,90.3885,280.7167,235.6484
1,250,4.1390,3.2590,3.1760,1.2700,1.3032,1.0261,136.4533,118.7286,118.1595,92.0496,267.5254,228.9372
1,260,4.0970,3.2550,3.1700,1.2587,1.2924,1.0268,136.4731,120.2511,118.8444,93.2023,264.6367,220.1928
1,270,4.0960,3.2480,3.1650,1.2611,1.2942,1.0262,128.3956,115.6600,113.7846,93.6699,276.5438,241.6231
1,280,4.1010,3.2530,3.1600,1.2607,1.2978,1.0294,138.4879,114.0445,112.3630,92.5692,255.7421,223.6660
1,290,4.0890,3.2710,3.1720,1.2501,1.2891,1.0312,139.9569,112.2407,112.5107,94.5549,293.8669,240.9040
1,300,4.1010,3.2520,3.1730,1.2611,1.2925,1.0249,136.6335,111.9468,111.7592,95.6869,284.9835,232.8359
1,320,4.1000,3.2430,3.1620,1.2643,1.2966,1.0256,127.7051,110.4989,109.5765,85.0329,245.0236,179.1244
2,10,4.9670,4.5130,3.8110,1.1006,1.3033,1.1842,124.6287,110.6753,109.8092,61.3911,209.6498,179.6623
2,20,4.1070,3.2570,3.2170,1.2610,1.2767,1.0124,132.2627,115.4628,115.0320,57.5425,324.2873,278.5830
2,30,4.1210,3.2690,3.1810,1.2606,1.2955,1.0277,121.7685,107.3129,106.6046,72.4404,278.2951,215.8367
2,40,4.1190,3.2780,3.1840,1.2566,1.2937,1.0295,124.8363,108.3706,106.8376,71.8773,242.5799,185.9162
2,70,4.1230,3.2630,3.1770,1.2636,1.2978,1.0271,125.8416,112.1356,106.8287,73.5976,297.8302,240.9091
2,80,4.1050,3.2620,3.1740,1.2584,1.2933,1.0277,131.1272,113.8276,110.6472,74.8338,324.4861,279.7328
2,100,4.1100,3.2590,3.1760,1.2611,1.2941,1.0261,124.4781,107.6571,106.1984,79.8636,276.0218,239.6380
2,110,4.1850,3.2720,3.1940,1.2790,1.3103,1.0244,124.8933,106.2004,105.3781,76.1798,246.6443,225.9903
2,120,4.1030,3.2670,3.1840,1.2559,1.2886,1.0261,123.3389,109.9397,111.1854,76.3853,327.8670,240.7946
2,130,4.1200,3.2780,3.1940,1.2569,1.2899,1.0263,124.2844,109.4147,108.0062,76.4771,277.1064,197.8261
2,140,4.1280,3.2820,3.1950,1.2578,1.2920,1.0272,123.3783,104.2300,102.8776,75.4444,239.9777,194.2473
2,180,4.1230,3.2640,3.1880,1.2632,1.2933,1.0238,122.7993,105.9082,103.9146,71.4958,259.4055,253.8782
2,190,4.1370,3.2760,3.1940,1.2628,1.2952,1.0257,119.0133,103.7434,102.6305,72.5384,222.0479,182.0224
2,200,4.1080,3.2750,3.1950,1.2544,1.2858,1.0250,125.7752,112.9283,110.4274,74.7791,282.1040,277.1572
2,210,4.1320,3.2890,3.2000,1.2563,1.2912,1.0278,125.0492,109.3650,105.5175,74.8194,219.5156,213.3072
2,220,4.1090,3.2550,3.1730,1.2624,1.2950,1.0258,134.7415,111.8635,109.7511,77.0300,315.0701,297.2185
2,230,4.1130,3.2650,3.1820,1.2597,1.2926,1.0261,120.8493,108.6295,107.2147,84.1159,281.3769,284.3482
2,240,4.0930,3.2610,3.1790,1.2551,1.2875,1.0258,118.5476,103.8925,103.5033,86.4410,275.3771,303.6022
2,260,4.1080,3.2760,3.1770,1.2540,1.2930,1.0312,114.6073,102.1111,99.8219,88.0607,254.3828,260.3313
2,270,4.1260,3.2820,3.2030,1.2572,1.2882,1.0247,116.8171,109.0450,103.5977,89.7791,250.9755,257.5361
2,280,4.1180,3.2840,3.1900,1.2540,1.2909,1.0295,120.6819,107.7609,105.2409,88.9562,256.1703,252.3764
2,290,4.1220,3.2860,3.1950,1.2544,1.2901,1.0285,118.0043,108.9839,103.0681,90.9734,275.1511,249.3726
2,300,4.1120,3.2640,3.1780,1.2598,1.2939,1.0271,116.8618,105.5557,101.2409,90.6016,366.7631,257.0582
3,10,4.7620,3.9410,3.8380,1.2083,1.2408,1.0268,117.9514,105.1550,102.4519,74.9625,247.7616,250.6339
3,20,4.1100,3.2780,3.2450,1.2538,1.2666,1.0102,116.6825,97.7496,96.0097,76.1015,270.1938,275.9722
3,30,4.1130,3.2780,3.1880,1.2547,1.2902,1.0282,113.8214,95.4195,93.6210,75.1731,267.2990,260.7888
3,40,4.1220,3.2840,3.1940,1.2552,1.2905,1.0282,116.5466,97.5083,93.8922,76.6371,250.9699,225.1140
3,60,4.1090,3.2860,3.1910,1.2505,1.2877,1.0298,113.2496,96.1115,93.4258,78.2875,238.3504,226.6773
3,70,4.1150,3.2800,3.1930,1.2546,1.2888,1.0272,116.9302,99.6611,98.3802,78.8748,249.0799,236.8638
3,80,4.1120,3.2860,3.1990,1.2514,1.2854,1.0272,115.4340,99.1093,96.9172,79.1502,237.4137,252.8036
3,110,4.1060,3.2730,3.1880,1.2545,1.2880,1.0267,113.3756,100.9798,97.1633,77.9873,274.1261,285.4066
3,120,4.1070,3.2810,3.1890,1.2518,1.2879,1.0288,111.0141,95.8058,93.2871,77.7834,245.3785,270.6278
3,130,4.1360,3.3410,3.2650,1.2380,1.2668,1.0233,111.0749,95.7740,93.8430,73.7855,240.1308,222.2812
3,140,4.1100,3.2890,3.1940,1.2496,1.2868,1.0297,115.6557,95.9962,94.7710,75.0440,286.1724,249.9963
3,150,4.0960,3.2700,3.1750,1.2526,1.2901,1.0299,117.8941,92.2737,91.5181,78.6664,288.3184,282.5971
3,160,4.1120,3.2770,3.1890,1.2548,1.2894,1.0276,113.4207,89.4005,87.4440,78.2497,227.7044,209.1524
3,170,4.1890,3.2920,3.2060,1.2725,1.3066,1.0268,118.1737,98.3059,96.5568,81.8614,269.5277,235.8492
3,180,4.0970,3.2730,3.1890,1.2518,1.2847,1.0263,113.2854,93.3897,94.1585,85.7020,284.1997,267.2587
3,190,4.1290,3.2890,3.2080,1.2554,1.2871,1.0252,116.5294,100.1542,96.2824,84.7289,223.2376,225.2757
3,200,4.1080,3.2740,3.1950,1.2547,1.2858,1.0247,107.4729,92.4453,89.4876,86.0645,243.0690,246.5436
3,230,4.1070,3.2770,3.1920,1.2533,1.2867,1.0266,109.9205,92.5428,91.0744,89.7191,250.2768,233.7067
3,240,4.1090,3.2720,3.1830,1.2558,1.2909,1.0280,111.7131,94.5392,92.2130,91.1653,262.2098,255.1396
3,250,4.1240,3.2770,3.1910,1.2585,1.2924,1.0270,111.9476,92.6565,90.1235,92.9880,293.1869,314.3062
3,260,4.1130,3.2920,3.1980,1.2494,1.2861,1.0294,111.8044,89.2269,88.9046,90.2659,240.1957,246.3451
3,270,4.1160,3.2950,3.2050,1.2492,1.2842,1.0281,107.7955,88.9206,89.0171,92.5622,260.4068,250.6828
3,280,4.1320,3.3310,3.2460,1.2405,1.2730,1.0262,109.3359,88.5765,89.0473,92.2622,222.9688,221.5426
3,290,4.1380,3.2940,3.2060,1.2562,1.2907,1.0274,110.0405,86.1249,87.0967,89.1259,209.9350,228.9764
3,300,4.1180,3.2840,3.2000,1.2540,1.2869,1.0262,104.9617,83.0977,84.3220,89.5342,223.2512,238.7271
3,320,4.1070,3.2700,3.1810,1.2560,1.2911,1.0280,105.2637,91.0997,89.5690,86.9339,224.4573,243.7501
